List,Card,Labels,Description
Game Design (Backlog),Описать классы персонажей и стартовый набор бит (минимум 3 класса),GD,
Game Design (Backlog),Спроектировать грани бит (удар/защита/действие) и их баланс,GD,
Game Design (Backlog),Описать умения активируемые через грань "действие",GD,
Game Design (Backlog),Формула сравнения комбинаций граней -> урон/эффект,GD,
Game Design (Backlog),Список стартового снаряжения и его модификаторов,GD,
Game Design (Backlog),Экономика: цены снаряжения награды XP/монеты за победу,GD,
Game Design (Backlog),Система уровней и энергии (лимит боёв в сутки),GD,
Game Design (Backlog),2-3 сценария периодических ивентов (нападение монстров),GD,
Game Design (Backlog),Формат турнира: брекет расписание награды,GD,
Game Design (Backlog),Типы и награды недельных заданий,GD,
Sprint 0 - Инфраструктура,Symfony skeleton + Docker (php-fpm nginx postgres),Infra,
Sprint 0 - Инфраструктура,React (Vite) проект под Discord Activity,Infra,
Sprint 0 - Инфраструктура,Discord bot проект (discord.js) + структура,Infra,
Sprint 0 - Инфраструктура,Регистрация приложения в Discord Developer Portal включить Activities,Infra,
Sprint 0 - Инфраструктура,HTTPS-туннель для разработки (Developer Tunnel/ngrok),Infra,
Sprint 0 - Инфраструктура,CI: lint + tests для backend и activity,Infra,
Sprint 0 - Инфраструктура,Doctrine ORM + миграции,Backend,
Sprint 0 - Инфраструктура,".env / секреты (Discord Client ID/Secret, DB)",Infra,
Sprint 1 - Аккаунты и персонажи,Сущность User (discord_id OAuth-профиль),Backend,
Sprint 1 - Аккаунты и персонажи,Discord OAuth2 авторизация (code -> token -> profile),Backend,
Sprint 1 - Аккаунты и персонажи,"Сущность Character (class, hp, energy, level, xp, coins)",Backend,
Sprint 1 - Аккаунты и персонажи,Сущность CharacterClass со стартовым набором бит,Backend,
Sprint 1 - Аккаунты и персонажи,API: создание персонажа (выбор класса),Backend,
Sprint 1 - Аккаунты и персонажи,API: получение профиля персонажа,Backend,
Sprint 1 - Аккаунты и персонажи,Экран выбора класса персонажа,Activity,
Sprint 1 - Аккаунты и персонажи,Экран профиля персонажа (HP/энергия/уровень),Activity,
Sprint 1 - Аккаунты и персонажи,Команда /profile - карточка персонажа в чате,Bot,
Sprint 2 - Боевая система (ядро),Сущность Bit (2 стороны: удар/защита/действие),Backend,
Sprint 2 - Боевая система (ядро),Сущность Battle + BattleRound (лог боя),Backend,
Sprint 2 - Боевая система (ядро),Логика броска бит (случайная сторона каждой биты),Backend,
Sprint 2 - Боевая система (ядро),Сравнение комбинаций граней -> расчёт урона/эффектов,Backend,
Sprint 2 - Боевая система (ядро),API: создать бой (PvE против бота базовая версия),Backend,
Sprint 2 - Боевая система (ядро),API: сделать ход в бою (бросок применение эффекта),Backend,
Sprint 2 - Боевая система (ядро),"Обработка грани ""действие"" (переворот биты соперника умение)",Backend,
Sprint 2 - Боевая система (ядро),Юнит-тесты боевой логики (граничные комбинации),Backend,
Sprint 2 - Боевая система (ядро),Балансировка после первых тестовых боёв,GD,
Sprint 3 - Discord Activity (визуализация),Интеграция Discord Embedded App SDK (авторизация внутри Activity),Activity,
Sprint 3 - Discord Activity (визуализация),Анимация броска бит (монетка/переворот),Activity,
Sprint 3 - Discord Activity (визуализация),Экран арены: HP-бары игрока и противника,Activity,
Sprint 3 - Discord Activity (визуализация),UI выбора действия/умения между раундами,Activity,
Sprint 3 - Discord Activity (визуализация),Поллинг состояния боя с backend (оптимистичный UI),Activity,
Sprint 3 - Discord Activity (визуализация),Экран результата боя (победа/поражение награды),Activity,
Sprint 3 - Discord Activity (визуализация),Деплой Activity на HTTPS-хостинг (staging),Infra,
Sprint 4 - Discord Bot интеграция,Команда запуска Activity в голосовом канале,Bot,
Sprint 4 - Discord Bot интеграция,Команда /duel @user - вызов на PvP-дуэль,Bot,
Sprint 4 - Discord Bot интеграция,Подтверждение дуэли кнопками,Bot,
Sprint 4 - Discord Bot интеграция,Команда /pve - бой против бота (с проверкой энергии),Bot,
Sprint 4 - Discord Bot интеграция,API: проверка и списание энергии за PvE-бой,Backend,
Sprint 4 - Discord Bot интеграция,Уведомление о результате боя в текстовый канал,Bot,
Sprint 5 - Экономика и снаряжение,Сущность Equipment (модификатор бит/HP цена),Backend,
Sprint 5 - Экономика и снаряжение,API: список снаряжения (магазин),Backend,
Sprint 5 - Экономика и снаряжение,API: покупка снаряжения (списание монет),Backend,
Sprint 5 - Экономика и снаряжение,Применение бонусов снаряжения в бою,Backend,
Sprint 5 - Экономика и снаряжение,Экран магазина,Activity,
Sprint 5 - Экономика и снаряжение,Экран инвентаря персонажа,Activity,
Sprint 5 - Экономика и снаряжение,Команда /shop - краткий список + ссылка на Activity,Bot,
Sprint 6 - PvE-ивенты,Сущность Event (тип время начала/окончания параметры),Backend,
Sprint 6 - PvE-ивенты,API: запуск ивента "нападение монстров" (админ-команда),Backend,
Sprint 6 - PvE-ивенты,Логика участия всех online-игроков в ивенте,Backend,
Sprint 6 - PvE-ивенты,Рассылка уведомления о старте ивента в канал,Bot,
Sprint 6 - PvE-ивенты,Команда участия в ивенте,Bot,
Sprint 6 - PvE-ивенты,Экран ивент-боя (переиспользует арену),Activity,
Sprint 6 - PvE-ивенты,Начисление наград за участие/победу в ивенте,Backend,
Sprint 7 - Турниры и недельные задания,Сущность Tournament + брекет-логика,Backend,
Sprint 7 - Турниры и недельные задания,API: регистрация на турнир,Backend,
Sprint 7 - Турниры и недельные задания,API: автогенерация пар и прогресс брекета,Backend,
Sprint 7 - Турниры и недельные задания,"Команды турнира (/tournament join, /tournament bracket)",Bot,
Sprint 7 - Турниры и недельные задания,Сущность WeeklyQuest + прогресс выполнения,Backend,
Sprint 7 - Турниры и недельные задания,Cron/scheduler: генерация новых недельных заданий,Backend,
Sprint 7 - Турниры и недельные задания,Экран турнирной сетки,Activity,
Sprint 7 - Турниры и недельные задания,Экран недельных заданий,Activity,
Polish / Post-MVP,Балансировка классов и снаряжения по данным боёв,GD,
Polish / Post-MVP,Полировка анимаций и звука,Activity,
Polish / Post-MVP,Логирование/аналитика боёв (для баланса),Backend,
Polish / Post-MVP,"Мониторинг и алерты (ошибки backend, аптайм Activity)",Infra,
Polish / Post-MVP,Лидерборд сервера (/leaderboard),Bot,
